id,name,email,country,created_at
1,Anita Anderson,matthew45@example.com,Gibraltar,2024-05-26T11:03:11.211368
2,Ashley Jackson,jerrymurphy@example.org,Bosnia and Herzegovina,2023-10-06T00:18:05.335084
3,John Morris DVM,nwalton@example.com,Anguilla,2022-11-15T02:51:09.572643
4,Brandi Owens,wilsonpatrick@example.com,Maldives,2024-11-09T16:19:32.182126
5,Michael Harrison,misty24@example.org,Palau,2023-07-01T19:20:29.837787
6,Jimmy Harper,stephaniesalinas@example.com,Tunisia,2023-09-03T18:49:16.426134
7,Brianna Harris,mallorywolf@example.org,Ireland,2023-01-23T19:09:20.288307
8,Suzanne Norris,gina69@example.net,North Macedonia,2025-02-26T04:35:25.457180
9,Michael Moore,rossconner@example.net,Denmark,2022-12-31T12:41:35.524120
10,Marissa Jones,ywilliams@example.org,Sudan,2022-11-18T10:42:04.238788
11,Crystal Ford,daniel34@example.net,Luxembourg,2025-05-28T13:03:45.150757
12,Marcus Knox,garysmith@example.com,Chad,2025-05-16T23:58:59.460250
13,Christina Contreras,wmeyers@example.net,Kuwait,2024-12-24T15:39:56.521853
14,Karen Davenport,anthonyjohnson@example.com,Spain,2025-09-16T15:35:43.410073
15,Glenn Mathis,charlesmolina@example.com,Korea,2024-05-27T23:50:22.825170
16,Heather Rollins,cherrythomas@example.com,Lao People's Democratic Republic,2025-06-29T10:59:33.493071
17,Angelica Brown,johnmartin@example.org,Timor-Leste,2025-06-06T08:16:17.360533
18,Brian Daniels,kendra20@example.org,Belarus,2023-07-06T14:07:46.077745
19,Tiffany Brooks,taylorgregory@example.com,Belize,2023-11-16T21:36:18.802877
20,Travis Mendoza,deborah51@example.net,Guadeloupe,2025-06-12T03:58:47.995437
21,Daniel Oconnell,alexisshaw@example.net,Sudan,2024-10-12T23:12:28.400501
22,Julie West,schavez@example.net,Turks and Caicos Islands,2022-11-13T19:50:13.303926
23,Sara Young,william57@example.com,Mauritius,2023-04-08T13:36:21.322187
24,Thomas Wood,christy43@example.com,Taiwan,2024-04-07T09:22:01.799037
25,Kevin Williams,ikelley@example.com,British Virgin Islands,2023-12-22T15:05:36.133861
26,Charles Richardson,burnskimberly@example.org,Netherlands Antilles,2023-02-15T14:55:41.433387
27,Julie Mathis,dunnmichael@example.org,Morocco,2025-05-19T10:36:07.058052
28,Thomas Mcfarland,vanessa95@example.com,Uganda,2023-09-17T02:52:58.452703
29,Frank Taylor,mark17@example.net,Russian Federation,2024-11-20T01:50:18.935023
30,Michael Frye,foxrebecca@example.com,Greece,2024-09-20T23:06:24.000331
31,Stephen Murray,holsen@example.com,Palau,2025-02-23T01:23:48.976343
32,Troy Johnson,martinezjenna@example.org,Vietnam,2024-10-24T21:09:36.349425
33,David Hayes,gpennington@example.com,Congo,2023-06-11T11:05:12.886596
34,Vanessa Taylor,ywilliams@example.com,Cote d'Ivoire,2023-09-09T21:32:32.907066
35,Caitlin Carr,zcook@example.net,Norfolk Island,2025-02-28T20:14:20.497375
36,Emily Ruiz,christopher44@example.net,France,2024-03-27T06:38:53.177212
37,George Thomas,eugenejones@example.org,Reunion,2025-03-19T00:44:13.297215
38,Steven Bender,justinrobinson@example.net,Syrian Arab Republic,2025-08-31T02:16:35.271831
39,Jessica Andrews,ayalacurtis@example.com,Afghanistan,2025-05-08T11:02:15.472215
40,James Hines,deleonmichael@example.com,El Salvador,2023-06-26T21:26:45.286144
41,Jason Webb,carpentercharles@example.org,Saint Helena,2025-06-28T17:16:42.516698
42,Jacob Richmond,zjensen@example.net,Saint Pierre and Miquelon,2024-09-09T14:39:21.778628
43,Anne Gonzalez,eric92@example.net,Benin,2024-07-09T15:23:18.941165
44,Angela Warren,stephencrawford@example.com,Cote d'Ivoire,2024-05-06T05:21:21.044135
45,Tina Arellano,thomas49@example.org,Spain,2024-03-31T02:15:01.002304
46,Brandon Smith,zdavis@example.net,Somalia,2023-01-29T05:19:22.062016
47,Donald Oneal,fosterjessica@example.net,Myanmar,2023-02-20T10:30:37.352669
48,Victor Gonzalez,terrirogers@example.net,Somalia,2025-04-15T05:39:27.018994
49,Michael Faulkner,john59@example.net,French Southern Territories,2023-08-26T09:18:41.749130
50,Mrs. Sarah Taylor MD,donna33@example.org,Uganda,2023-07-10T06:46:20.355285
51,Anthony Jenkins,bpearson@example.com,Suriname,2025-08-19T04:51:53.643792
52,Tim Walker,zmartinez@example.net,Burundi,2025-07-13T15:21:17.779072
53,Katie Houston,frankmorris@example.org,Burundi,2022-10-29T08:38:53.221212
54,Jenna Jones,vanessa55@example.net,Guam,2023-02-19T16:15:37.043723
55,Kyle Peterson,amandasmith@example.net,Bosnia and Herzegovina,2024-12-31T21:45:07.377288
56,Jason Clements,elizabethjackson@example.com,Djibouti,2023-03-26T17:16:26.849854
57,Christina Manning,ashleymiddleton@example.org,Finland,2023-10-08T21:49:16.495771
58,Seth Woods,robinsonmary@example.net,Belarus,2023-05-18T05:26:52.600331
59,Mark Castillo,acooper@example.org,Falkland Islands (Malvinas),2023-12-08T07:19:41.220944
60,Justin Phillips,hooperdouglas@example.net,Tokelau,2024-08-17T03:03:33.397927
61,Amy Allen,benjamin14@example.org,Algeria,2024-01-23T18:59:35.519267
62,Sherri Jordan,jessica55@example.com,Papua New Guinea,2025-03-18T11:23:26.695370
63,Madison Schneider,jenniferrojas@example.org,Anguilla,2024-08-15T04:01:34.048474
64,Nicole Lopez MD,cobbjacob@example.net,French Polynesia,2025-05-31T01:59:09.349963
65,Rhonda Crane,gstevens@example.com,Kenya,2024-06-09T12:05:25.409917
66,James Garcia,johnbrown@example.net,Korea,2025-09-29T21:46:48.199012
67,Mark Sandoval,patrick22@example.com,Ukraine,2022-11-05T06:37:55.576997
68,Christopher Gross,wchang@example.org,Liberia,2024-02-27T23:48:01.996029
69,Alexandra Ashley,wrightlisa@example.org,Slovakia (Slovak Republic),2023-11-29T06:04:46.781834
70,Isaac Collins,guerrerolarry@example.com,Mongolia,2025-04-28T04:21:46.579684
71,Donna Kennedy,noahwood@example.net,Myanmar,2025-06-03T02:02:42.812264
72,Kristina Harris,stephaniemorales@example.com,Palau,2023-12-14T21:19:22.371953
73,Robert Phillips DDS,robertmorgan@example.org,Burkina Faso,2022-11-15T09:20:08.631926
74,Ricky Williams,joy81@example.com,Guam,2023-02-15T08:54:23.981627
75,Henry Fritz,tyler32@example.net,Eritrea,2023-08-13T09:10:47.589927
76,Katelyn Bartlett,melissa12@example.com,Faroe Islands,2023-01-06T14:48:27.565114
77,Brian Fry,amybarajas@example.net,Australia,2024-04-25T02:12:51.322895
78,Curtis Nunez,tonynavarro@example.com,Switzerland,2023-01-01T20:15:52.572114
79,Mary Fox,sbryant@example.com,Tanzania,2023-04-25T07:32:36.515680
80,Anthony Lopez,lisamckenzie@example.org,Jamaica,2024-01-11T03:53:43.069811
81,Ashley Kemp,kayladavidson@example.org,Canada,2023-01-27T22:19:26.242959
82,Jesse Sloan,daniel37@example.com,Saint Barthelemy,2024-02-26T15:28:04.369181
83,Amanda Jones,jacob67@example.net,Turks and Caicos Islands,2024-05-26T06:23:51.236656
84,Mr. Anthony Stephens,steven67@example.com,Central African Republic,2023-08-16T03:36:29.849494
85,Andrea Leonard,davismarissa@example.com,Morocco,2023-02-23T00:40:53.238288
86,Frank Lewis,ustewart@example.org,Estonia,2023-02-08T06:22:06.231467
87,Christopher Hancock,hernandezsheri@example.org,Nepal,2023-10-29T09:28:37.717665
88,Troy Crawford,kristinaanderson@example.com,Pitcairn Islands,2024-11-07T19:14:32.307563
89,Andrew Coleman,henryrichardson@example.org,Slovenia,2023-10-03T18:41:11.174937
90,Mr. Eric Cook,bryanpeterson@example.org,Greece,2022-10-20T17:10:16.128765
91,Joseph Phillips,tami36@example.org,Congo,2023-09-17T10:53:13.713800
92,Judith Flowers,stevensonvincent@example.com,New Caledonia,2025-07-09T20:24:56.265256
93,Melanie Martinez,amandaclark@example.com,Guam,2022-10-18T09:02:34.617339
94,Jason Mora,alisonsmith@example.org,Brazil,2025-06-19T03:55:00.866978
95,Rachel Rogers,hannaamber@example.org,Egypt,2024-05-21T07:09:16.778841
96,Holly Lopez,mreynolds@example.net,Norway,2023-11-26T04:57:15.345232
97,Darrell Moore,victoria19@example.net,Latvia,2024-04-28T05:14:05.169618
98,Jo Abbott,eric79@example.net,Gabon,2024-06-01T07:03:37.469078
99,Donna Anderson,grantanthony@example.org,Fiji,2023-06-01T12:26:29.081268
100,Shawn Smith,amber13@example.org,Equatorial Guinea,2022-11-03T12:27:54.711269
101,Bradley Jacobs,lorioconnor@example.com,Iran,2025-05-15T11:26:31.208722
102,Nathan Snyder,daltonvargas@example.net,Czech Republic,2022-12-25T21:25:58.076884
103,Jonathan Jackson,susan78@example.net,Macao,2025-03-08T10:01:33.882866
104,Christine Leonard,jim35@example.net,Palau,2024-08-19T19:39:51.961558
105,Laura Leblanc,jeffrey38@example.com,Afghanistan,2025-03-24T08:48:01.196591
106,Destiny Humphrey,brianna67@example.com,Portugal,2024-10-19T08:46:24.908738
107,Shawn Hurley,ydelgado@example.com,Russian Federation,2024-02-15T10:46:44.895876
108,Courtney Owens,lewisann@example.net,Saudi Arabia,2023-11-11T19:48:36.041259
109,Nancy Wood,william66@example.net,Antarctica (the territory South of 60 deg S),2023-07-23T09:01:21.177104
110,Kelly Miller,mbass@example.net,Greece,2025-07-12T10:18:14.717943
111,Patrick Yu,mgoodwin@example.net,Mozambique,2023-08-11T13:31:16.327468
112,Marie Gonzalez,shannon51@example.com,Cameroon,2023-06-24T21:15:56.085486
113,Shawn Carter,daviscorey@example.net,Cayman Islands,2025-02-20T21:17:10.210794
114,John White,rodney76@example.com,Isle of Man,2025-08-07T10:08:49.964508
115,Danielle Mooney,gonzalezmark@example.net,Costa Rica,2023-06-25T11:42:43.194090
116,Chelsea Morgan,fpeck@example.net,Saudi Arabia,2024-04-21T18:31:46.128097
117,Gabriel Burgess,stevenroth@example.org,Ukraine,2023-05-27T02:00:06.550176
118,Natalie Swanson,timothy26@example.org,Gambia,2025-04-20T09:22:14.754987
119,Francis Mendoza,mvelazquez@example.net,Micronesia,2024-08-19T05:26:23.145301
120,Tommy Harper,poolemegan@example.net,Anguilla,2023-11-29T00:15:09.532441
121,Kelsey Mitchell,simpsontrevor@example.com,Lithuania,2023-04-26T22:21:44.655800
122,Kenneth Smith,jefferycooper@example.org,Saint Helena,2024-06-19T03:02:29.825612
123,Lynn Hines,jenniferjones@example.org,Iraq,2023-03-09T13:17:56.710888
124,Eric Stephens,parkerjoshua@example.com,Reunion,2025-01-12T07:16:43.545506
125,Keith Horton,gnorris@example.com,Svalbard & Jan Mayen Islands,2023-06-01T09:45:27.386313
126,Bianca Crawford,zachary58@example.org,France,2025-03-11T09:36:38.243680
127,Micheal Todd,heather79@example.com,Christmas Island,2023-10-02T09:23:30.190393
128,Mr. John Lewis,jacksonlisa@example.com,Solomon Islands,2024-11-06T17:12:37.632769
129,Steven Holden,amber66@example.com,Wallis and Futuna,2025-08-02T02:51:08.892081
130,Benjamin Carr,jessica41@example.com,Suriname,2024-09-16T00:17:05.189068
131,Steven Hansen,pcox@example.net,Slovakia (Slovak Republic),2023-08-25T04:42:20.635257
132,Jacqueline Johns,kellyramirez@example.com,Moldova,2023-07-01T14:45:22.819149
133,Christopher Dominguez,smithjeffery@example.org,France,2023-02-07T21:48:30.536285
134,Steven Ortiz,mcintoshmichael@example.net,Argentina,2023-10-03T17:49:44.223592
135,Russell Bell,davispam@example.com,Ireland,2024-02-04T13:52:51.101614
136,Dustin Hays,williampeck@example.net,Haiti,2023-11-29T13:24:07.002037
137,Melinda Thomas,allison08@example.org,Singapore,2023-03-29T03:08:32.494605
138,John Curtis,stephaniewilliams@example.com,Singapore,2022-11-08T16:23:23.711555
139,Molly Campbell,berrybrittany@example.org,Isle of Man,2023-06-13T08:52:59.057813
140,David Mayer,bryangardner@example.org,Cyprus,2023-03-27T21:34:56.408030
141,Faith Carter,johnstoncrystal@example.net,Christmas Island,2023-01-04T21:32:40.244005
142,Chloe Bennett,perezmaria@example.net,Zimbabwe,2024-06-02T20:43:01.500572
143,Carl Young,porterjeffrey@example.net,Heard Island and McDonald Islands,2023-09-23T07:55:31.475302
144,Robert Gardner PhD,sandra13@example.net,Suriname,2024-08-20T09:37:23.895352
145,John Chandler,ayersstephanie@example.com,United States Virgin Islands,2024-12-30T17:05:26.636116
146,Sara Todd DDS,lhunt@example.net,Saint Martin,2023-05-23T09:54:00.200616
147,James Pollard,johnsonpatricia@example.com,Cook Islands,2023-01-05T09:08:11.212093
148,Nicholas Wilson,riverajeremy@example.org,Marshall Islands,2025-08-28T07:26:05.690756
149,Edwin Hernandez,kimberly15@example.com,Thailand,2023-09-22T21:12:30.962219
150,Todd Maxwell,fosterbrittany@example.org,Armenia,2024-07-04T20:47:24.156423
151,Julie Montes,jared28@example.org,Vanuatu,2022-11-03T11:04:41.868886
152,Joel Rodriguez,adamskevin@example.com,Bulgaria,2023-10-02T10:59:57.782129
153,Michael Coleman,krystaldavis@example.org,Gabon,2024-09-27T14:40:45.282495
154,Brittany Chan,braymelanie@example.com,Djibouti,2025-06-29T15:19:18.421106
155,Sarah Burns,ramirezanthony@example.com,Egypt,2024-03-24T07:46:18.588416
156,Susan Mills,bmartin@example.com,Saint Martin,2023-05-25T04:21:24.250366
157,Ronald Rhodes,johnsanchez@example.com,Bahrain,2023-07-16T00:54:29.170597
158,Troy Jackson,dianagoodman@example.net,Bahamas,2024-06-07T23:21:00.588004
159,Robert Martinez,nmercado@example.com,Guam,2025-05-08T13:29:54.983132
160,Susan Vasquez,bbrown@example.net,Ireland,2023-05-11T22:06:11.766470
161,Logan Olson,kaitlyn14@example.net,Israel,2025-06-02T05:33:45.874870
162,Terry Garcia,jerryjuarez@example.org,Belarus,2023-08-23T14:48:37.735097
163,Brittney Pacheco,ehernandez@example.net,Chile,2025-06-22T05:32:30.123801
164,Jason Hernandez,garciajoseph@example.net,Monaco,2023-04-04T13:06:54.025973
165,Rachel Parker,glorialee@example.org,United Kingdom,2025-02-28T04:34:11.007476
166,Nicholas Hawkins,thomassmith@example.com,British Virgin Islands,2024-11-02T03:31:41.549278
167,Emily Holmes,jensenbrent@example.org,Romania,2023-07-09T19:03:22.906909
168,Brian Rodriguez,jeff61@example.net,Cayman Islands,2024-02-15T10:13:27.326095
169,Mitchell Harrington,ugarcia@example.org,Burkina Faso,2025-04-26T05:18:57.859881
170,Deanna Miranda,rodriguezchristopher@example.com,Guatemala,2023-02-02T22:51:22.294117
171,Lisa Wilson,crystal87@example.org,Nauru,2024-01-12T02:39:15.787404
172,Erika Freeman,elizabeth69@example.com,Azerbaijan,2025-05-10T22:30:22.014344
173,Dan Edwards,xgonzalez@example.net,Estonia,2023-11-04T04:48:27.927325
174,Richard Johnson,kwilliamson@example.org,Rwanda,2023-10-17T02:09:52.098832
175,Steven Henry,wreyes@example.net,Seychelles,2023-10-26T11:04:39.010041
176,Timothy Bailey,joneslinda@example.org,Solomon Islands,2023-05-28T09:36:37.522874
177,Sherry Miller,ewade@example.net,United Kingdom,2024-01-05T05:38:34.685908
178,Francis Kennedy,michaeljackson@example.org,United States Virgin Islands,2022-11-10T20:34:40.868753
179,Christina Peters,jonathan45@example.org,Mongolia,2023-02-13T02:54:29.162474
180,Cheryl Perry,efox@example.org,Gambia,2023-02-02T19:33:21.729604
181,Samuel Curry,bartonryan@example.org,Nicaragua,2023-07-15T14:49:37.908621
182,Craig Williams,harriskaitlyn@example.net,Macao,2025-05-23T22:51:20.523352
183,Michael Mccullough,courtneysimpson@example.net,South Georgia and the South Sandwich Islands,2023-11-24T10:52:06.109354
184,Melanie Proctor,leahhansen@example.net,Liberia,2025-08-17T05:54:02.923971
185,Kim Figueroa,robert63@example.org,Togo,2024-04-21T13:58:22.569723
186,Brett Osborn,melissahoover@example.org,Chile,2024-07-21T22:54:02.694424
187,Rebecca Gonzalez,tammie07@example.org,Pitcairn Islands,2025-10-07T06:30:36.595865
188,Zachary Brown,vthompson@example.com,Kiribati,2024-09-24T17:46:49.170925
189,Emily Brandt,mayerallison@example.net,Lesotho,2025-05-16T12:54:35.316327
190,Katrina Rodriguez,milleredward@example.com,Mauritania,2025-03-26T08:27:23.031250
191,Cynthia Small,duncanrobert@example.com,Costa Rica,2023-07-14T22:45:13.232622
192,Jason Anderson,ianrobertson@example.com,Central African Republic,2023-09-01T18:59:46.070691
193,Alvin Miller,greenann@example.com,Azerbaijan,2024-02-01T06:13:16.026021
194,Melissa Ryan,katelyn99@example.com,Belize,2024-09-21T23:42:53.144721
195,Amber Chang,laurahughes@example.org,Mauritania,2024-05-16T08:14:44.006598
196,Richard Kramer,matthew76@example.com,Saint Kitts and Nevis,2024-09-05T11:22:36.208737
197,Brianna Garcia,qwagner@example.com,Holy See (Vatican City State),2024-09-05T20:23:15.556287
198,Angela Stone,jonespatricia@example.net,Cayman Islands,2024-09-15T01:24:10.952618
199,Ruben Crawford,samanthayoung@example.org,Bhutan,2024-09-28T12:01:05.770751
200,Travis Lopez,gracegonzales@example.com,Swaziland,2023-04-04T07:27:56.542672
201,Maria Willis,wcollins@example.com,Vietnam,2025-06-21T13:38:12.429622
202,Henry Campbell,conleyelizabeth@example.org,Zambia,2023-08-22T14:13:03.113755
203,Kathryn Johnston,groman@example.com,Yemen,2023-06-02T04:14:39.966545
204,Mrs. Alyssa Wolfe MD,amber50@example.net,Greece,2024-07-10T05:08:57.885195
205,Angela Sanchez,dwalker@example.org,Gabon,2024-01-23T16:48:52.504494
206,Charles Taylor,uhaynes@example.com,Saint Martin,2024-11-25T02:28:56.908504
207,Glenda Forbes,jalvarez@example.com,Kyrgyz Republic,2025-05-27T15:11:12.833030
208,Tracy Brown,jennifer89@example.com,Bhutan,2025-06-13T23:58:46.194578
209,Michelle Hendrix,vrodriguez@example.com,Uruguay,2024-11-10T22:26:17.329652
210,Debra Aguilar,suttondesiree@example.net,Kyrgyz Republic,2024-02-13T21:24:24.534550
211,Marie Townsend,patrick32@example.net,Madagascar,2023-07-17T05:21:48.187942
212,Patricia Frey,lisa26@example.org,Mayotte,2024-06-11T19:38:13.901777
213,Jeremy Brown,michael47@example.net,Iraq,2024-05-13T10:11:01.874882
214,Colleen Maldonado,warnertheresa@example.net,Saint Pierre and Miquelon,2023-11-04T05:40:57.216902
215,Matthew Holder,browncory@example.org,Belgium,2023-10-14T22:39:23.207277
216,Melissa Jones,hopkinsallison@example.net,Israel,2024-03-14T23:15:23.769130
217,Sharon Rodriguez,kporter@example.org,Ghana,2023-12-19T11:46:32.015778
218,Carolyn Stewart,suzanne08@example.net,Central African Republic,2023-08-05T05:07:48.082435
219,Lawrence Archer,crystal25@example.net,Colombia,2023-04-25T18:08:03.051133
220,Alyssa Wright,jennifergilbert@example.com,Western Sahara,2023-01-15T01:43:03.705040
221,Timothy Berg,uthomas@example.org,Cambodia,2024-07-25T12:22:04.474409
222,Taylor Jones,bridgesamy@example.net,Western Sahara,2022-11-17T16:44:01.468959
223,Alicia Wright,heather24@example.com,Tajikistan,2023-06-29T07:27:37.458653
224,Daniel Mendoza,smithjulian@example.org,Israel,2025-09-16T20:27:22.361168
225,Jonathan Garcia,alexandra65@example.com,Kenya,2025-10-05T01:50:51.721294
226,Kyle Ford,wbrown@example.net,Papua New Guinea,2023-10-06T06:14:51.621534
227,Heather Lutz,davidteresa@example.net,Japan,2025-05-16T19:09:14.043562
228,Kevin Schultz,haleyspence@example.org,Bolivia,2023-04-06T16:50:52.588251
229,Michelle Bennett,bmcknight@example.org,Namibia,2025-08-27T07:33:41.110087
230,Edwin Sims,vanessa98@example.org,Russian Federation,2024-05-15T01:31:16.459979
231,Ashley Cannon,bethanylopez@example.org,Saint Vincent and the Grenadines,2024-10-14T01:06:00.673888
232,Mr. Timothy Jones PhD,michelle33@example.com,Hong Kong,2025-06-11T14:41:08.146861
233,John Conrad,bowenalexander@example.org,Qatar,2024-03-15T06:49:11.993764
234,Pamela Lawson,benjamin22@example.net,Saint Kitts and Nevis,2024-05-10T03:21:19.646182
235,Jesus Burke,rachel10@example.net,Netherlands,2024-07-10T03:36:10.448642
236,James Gonzales,nathanielarroyo@example.org,Colombia,2025-03-07T22:10:32.720103
237,Jessica Jones,cannonelizabeth@example.com,Moldova,2023-03-24T08:34:46.530519
238,April Shepherd,cynthiamoore@example.net,Cook Islands,2024-03-21T18:50:52.527273
239,Christopher Escobar,zsandoval@example.org,United States Minor Outlying Islands,2023-12-19T18:11:17.559979
240,Shawn Diaz,hhernandez@example.org,Peru,2023-06-21T01:03:20.851012
241,Catherine Terry,collierjacqueline@example.org,Georgia,2025-10-14T18:20:36.556576
242,Kathy Brown,hopkinsrachel@example.org,Malta,2023-07-07T09:07:29.803911
243,Nicole Hester,robert83@example.com,Korea,2025-04-14T07:29:05.296621
244,Micheal Brooks,daniel45@example.org,Liechtenstein,2025-02-17T21:36:28.753515
245,Dustin Walton,pamela51@example.com,Svalbard & Jan Mayen Islands,2024-02-16T15:53:52.680717
246,Jeremy Davis,petercrawford@example.com,Andorra,2024-06-14T08:31:56.399805
247,Jason Bruce,vargascharles@example.net,Canada,2025-10-13T23:17:55.723406
248,Jason Watts,joseph28@example.com,Niue,2024-04-30T22:39:13.222659
249,Kevin Massey,whitneyperez@example.com,Lao People's Democratic Republic,2025-02-21T05:16:54.956135
250,David Elliott,david03@example.net,Ghana,2025-01-27T08:26:54.505255
251,Cody Miller,petergallagher@example.org,Egypt,2025-07-17T05:29:19.188396
252,Sharon Shelton,josephmckenzie@example.com,Nepal,2024-05-02T11:39:50.232918
253,Ann Hernandez,romerotammy@example.com,Angola,2023-02-09T21:14:55.908486
254,Melody Brown,esullivan@example.org,Benin,2024-02-17T10:52:24.322784
255,Andrea Murphy,krystal44@example.org,Malaysia,2023-02-25T06:43:07.285211
256,Nicole Small,melissa43@example.net,Svalbard & Jan Mayen Islands,2023-01-10T01:36:37.545959
257,Patricia Leonard,bradley52@example.org,Kuwait,2024-06-18T14:37:41.177028
258,Stephanie Porter,nschmidt@example.net,Chad,2024-10-10T16:48:48.655612
259,Robert Hale,yyoung@example.com,Tuvalu,2022-11-11T01:12:32.061488
260,Jeffrey Neal,krista58@example.org,Cook Islands,2025-01-22T15:43:10.991395
261,Billy Stephens,joseph99@example.com,Cambodia,2025-01-04T00:21:29.602836
262,Erik Barber,jenniferfoster@example.org,Macao,2022-12-30T11:52:06.925673
263,Dean Arnold,williamsnyder@example.net,Congo,2023-10-02T15:39:00.250388
264,Nancy Pitts,scott77@example.com,Israel,2023-05-25T07:34:14.411810
265,Dana Hill,randallsalazar@example.net,Tuvalu,2023-11-01T02:00:33.006064
266,Timothy Blackwell,floresnicolas@example.org,Taiwan,2023-03-01T04:37:29.026717
267,Luis Carson,lindseysteele@example.net,Andorra,2025-09-10T09:46:48.709645
268,Sean Crawford,phillipsedward@example.net,Chile,2025-07-07T11:20:06.778306
269,Ryan Mccormick,slee@example.net,Togo,2023-11-09T01:45:54.275444
270,John Wyatt,manderson@example.com,Guatemala,2024-07-30T09:50:09.700130
271,Samantha Mendoza,castillodanny@example.com,Brunei Darussalam,2022-12-09T16:22:56.046113
272,Michelle Valenzuela,vaughnsteven@example.org,Qatar,2024-08-23T20:09:07.034827
273,Christina Price,davidbrown@example.org,Kazakhstan,2023-11-20T13:55:06.615007
274,Amy Patel,savagetonya@example.net,Norway,2023-03-12T23:25:28.889626
275,Ann Carey,washingtondanielle@example.net,Guyana,2023-09-24T10:30:16.470824
276,Hannah Moyer,christopherjohnson@example.com,Afghanistan,2025-02-07T11:32:12.755995
277,Terri Murphy,teresa32@example.com,Burundi,2023-08-09T11:19:46.877903
278,Robert Davis,mary41@example.com,Papua New Guinea,2023-07-02T01:33:17.681002
279,Jane Knight,ricardospence@example.net,Timor-Leste,2024-12-20T09:52:32.871346
280,Cristian Farrell,qkennedy@example.net,Macao,2022-12-17T17:57:47.943393
281,James Jones,grayamy@example.org,Trinidad and Tobago,2024-12-27T05:27:36.633764
282,Keith Johnson,rileyadam@example.net,New Caledonia,2024-09-13T22:07:38.799780
283,Taylor Webster,lucasallison@example.org,Slovenia,2023-04-14T18:57:10.564342
284,Dale Chavez,gberg@example.com,Swaziland,2023-09-01T16:24:36.048886
285,Erica Phillips,richard66@example.org,Afghanistan,2025-04-17T05:57:30.533326
286,Nicholas Hill,taylorbrad@example.com,British Virgin Islands,2023-03-13T14:47:59.556031
287,Dylan Bond,gordonchan@example.net,Brazil,2023-10-10T22:59:33.035790
288,Pamela Walls,vasquezyolanda@example.com,Antarctica (the territory South of 60 deg S),2024-08-08T22:43:12.226614
289,Robin Moyer,buckleytanya@example.org,Suriname,2024-05-05T12:12:05.210668
290,Danielle Orozco,nashholly@example.org,Eritrea,2023-12-16T07:36:22.105544
291,William Lee,jon35@example.org,Christmas Island,2025-09-26T06:30:45.277313
292,Deanna Le,xcollins@example.org,Tajikistan,2025-01-09T01:14:21.113633
293,Roberto Rhodes,raymond44@example.org,Korea,2023-08-06T21:01:03.760411
294,Mr. Jeremy Parker,eburnett@example.com,Cocos (Keeling) Islands,2023-04-08T00:52:47.089331
295,Matthew Cole,eturner@example.org,Israel,2023-12-06T16:28:44.275318
296,Kimberly Rhodes,cartermegan@example.com,Cook Islands,2024-05-19T15:13:31.421139
297,Morgan Kim,jasonkelly@example.net,Croatia,2025-09-11T00:53:31.056940
298,Monica Benson,zellison@example.net,Vietnam,2022-10-19T21:41:15.532299
299,Sydney Scott,angelamarquez@example.com,India,2025-01-25T10:53:48.834359
300,Tonya Keller,kyle21@example.org,Bulgaria,2024-05-07T10:44:03.932383
301,Jonathan Hill,walkersherri@example.net,Nauru,2022-11-11T19:13:31.682731
302,Julie Harris,rebeccacollins@example.com,Malta,2024-02-26T00:58:25.399320
303,Tyler Lindsey,tanderson@example.org,Germany,2025-06-02T20:36:31.222944
304,Jay Gill,nbeard@example.net,Saint Pierre and Miquelon,2023-10-24T16:03:58.613977
305,Jillian Kennedy,brentsmith@example.org,South Georgia and the South Sandwich Islands,2024-05-12T17:05:20.735570
306,Robert Nelson,benjaminsimmons@example.org,Germany,2023-02-18T02:21:54.774457
307,Amy Harper MD,nancy52@example.net,Vanuatu,2022-11-16T05:40:45.192030
308,Sara Quinn,ibaker@example.com,Burundi,2023-04-13T10:27:48.178050
309,Dale Bowen,curryisabella@example.com,Russian Federation,2023-01-16T05:23:15.394088
310,Diane Morales,ricky00@example.net,Fiji,2023-12-04T05:39:25.341286
311,Stephen Cook,umills@example.com,Central African Republic,2024-04-27T13:46:09.548821
312,Shane Williams,rarnold@example.net,Finland,2023-11-26T20:42:08.263814
313,Jill Morgan,davidmyers@example.net,Togo,2025-08-23T15:27:29.864085
314,Justin Sandoval,mark16@example.net,Turkmenistan,2023-02-07T07:42:44.200696
315,Ashley Carpenter,tnewman@example.com,Denmark,2022-12-14T02:45:40.625690
316,Victor Ramos,michael15@example.com,Russian Federation,2023-07-05T04:48:54.047961
317,Patricia Bennett,sortega@example.com,Spain,2025-04-29T13:12:18.660411
318,Stephen Reid,eortega@example.com,Saint Lucia,2022-12-19T07:30:09.012829
319,Gregory Harper,steventhompson@example.com,Tanzania,2022-10-18T07:31:12.696998
320,Regina Nelson,vmay@example.net,Turks and Caicos Islands,2023-12-27T17:18:01.776992
321,Sandra Mcintyre,kevinbrooks@example.com,Armenia,2025-06-16T19:33:08.155509
322,John Irwin,jennifer42@example.net,Chad,2024-07-05T16:05:50.984509
323,Tyler Smith,jerry63@example.com,Kenya,2024-12-02T22:05:36.447334
324,Timothy Brewer,daisymatthews@example.com,Senegal,2023-09-16T09:06:43.603418
325,Carlos Thomas,riggsbradley@example.com,Namibia,2024-01-15T15:45:31.495233
326,Richard Bridges,christinaramos@example.net,Libyan Arab Jamahiriya,2025-03-18T15:25:46.453632
327,Mr. Jeremiah Rogers,jameskelly@example.org,United Kingdom,2024-08-10T02:15:11.992125
328,William Gomez,gregory75@example.net,American Samoa,2025-08-12T23:03:15.059937
329,Terri Carter,crystal53@example.org,Cameroon,2023-04-22T01:24:54.050791
330,Erik Peterson,ghuynh@example.org,Jersey,2025-10-03T07:16:03.188611
331,Jeffery Jones,vgarcia@example.org,Taiwan,2024-09-04T09:49:25.078465
332,Rebecca Sandoval,dianewilson@example.org,Austria,2023-09-09T21:38:48.191008
333,Ivan Hodge,steven45@example.com,Cayman Islands,2024-09-08T02:02:23.627586
334,Richard Williams,rogerslinda@example.net,Honduras,2024-03-12T09:59:37.501857
335,Allison Hill,benjamin41@example.com,Eritrea,2024-10-27T05:23:13.250316
336,James Green,qmayo@example.com,Ukraine,2025-04-13T15:03:11.832767
337,Jennifer Meadows,dudleylauren@example.org,Martinique,2023-12-08T02:03:14.485071
338,William Garcia,ljones@example.net,French Polynesia,2023-08-17T02:32:54.993889
339,Darin Jones,agriffith@example.net,Belize,2024-01-09T07:50:11.272927
340,Margaret Thomas,xwashington@example.net,New Caledonia,2023-09-22T08:50:01.479627
341,Christopher Ramirez,amber15@example.net,Cote d'Ivoire,2024-08-05T09:49:27.004760
342,Hannah Smith,tammy98@example.com,Angola,2025-01-06T05:48:49.773173
343,Nicole Blevins,john04@example.org,Benin,2025-06-01T15:21:51.376845
344,Dustin Mcgrath,roberto63@example.org,Jordan,2022-11-19T15:33:25.862910
345,Jennifer Patel,jordanbarnes@example.org,Cape Verde,2023-06-30T05:33:00.896297
346,Kelly Bradley,beardlauren@example.com,Burundi,2023-05-19T16:06:02.038146
347,Amber Johnson,pattersonlisa@example.net,Vanuatu,2022-10-21T15:30:07.385588
348,Laura Gardner,victoria30@example.net,Sao Tome and Principe,2024-10-25T01:14:31.000250
349,Elizabeth Singleton,swood@example.com,San Marino,2025-10-15T10:28:11.755793
350,Savannah Rogers,burnsbrittany@example.org,Guyana,2025-07-30T13:56:33.238618
351,Natalie Dalton,ashley61@example.com,Zimbabwe,2024-07-08T04:39:20.335577
352,Gary Simmons DDS,hjones@example.com,United Kingdom,2022-11-10T20:22:12.889322
353,Austin White,ndean@example.org,Kuwait,2025-08-11T05:09:59.773186
354,Allison Moore,michael95@example.org,Saint Barthelemy,2023-05-10T23:03:12.049565
355,Anne Murray,james20@example.com,Marshall Islands,2024-07-25T17:09:38.820330
356,Caroline Miller,regina61@example.net,Sweden,2022-11-26T08:51:21.071908
357,Kathryn Navarro,wagnernancy@example.org,Trinidad and Tobago,2024-08-27T21:29:10.622742
358,Mark Clark,raymond91@example.org,Marshall Islands,2022-11-23T10:47:41.873060
359,Cole Hall,keithhoffman@example.com,Mali,2023-12-26T07:17:04.965108
360,Rebecca Johnson,gjohnson@example.net,Burkina Faso,2022-12-26T21:31:11.122763
361,Manuel Downs,rebecca66@example.net,Guatemala,2025-02-19T04:17:26.351164
362,Kyle Williams,hannah78@example.com,Senegal,2024-10-09T11:33:27.797606
363,Tammy Hart,michellehuynh@example.com,Montserrat,2023-03-04T19:53:23.416535
364,Ronald Richardson,lesterjennifer@example.net,Pakistan,2022-11-23T16:34:48.625097
365,Darrell Williams,qvargas@example.com,Togo,2024-07-28T20:24:08.015311
366,Michael Santos,lowejoseph@example.com,Somalia,2024-11-04T12:25:42.209201
367,Erin Smith,crice@example.org,Bouvet Island (Bouvetoya),2024-04-07T08:00:00.108409
368,Brooke Scott,xnorton@example.org,Serbia,2025-05-08T16:56:21.710448
369,Sarah Williams,desireelin@example.org,Latvia,2023-12-18T08:33:22.277901
370,William Gray,jonathan94@example.net,Myanmar,2023-04-29T19:30:54.261509
371,Crystal Lewis,wshaw@example.com,Sao Tome and Principe,2024-03-04T00:42:47.626663
372,Roberto Cortez,phillipschristopher@example.com,Venezuela,2024-02-10T18:21:46.802910
373,Frederick Ward,stevenwilliams@example.com,Brazil,2023-02-22T20:44:24.297364
374,Travis Holmes,april75@example.net,Samoa,2023-10-23T11:24:20.600684
375,Lisa Mcfarland,rhodessheena@example.com,Korea,2025-05-13T02:29:03.402403
376,Austin Mccann,cassandrahood@example.org,Saint Helena,2024-11-18T11:50:18.267391
377,Richard Boone,amber77@example.com,United States Virgin Islands,2023-02-16T09:49:01.841941
378,Melanie Morgan MD,gphillips@example.net,Sudan,2023-09-30T07:09:14.372884
379,Nicholas Murphy,lambmaria@example.com,Pitcairn Islands,2023-03-24T09:04:35.113560
380,Carla Lewis,santoscourtney@example.org,Brunei Darussalam,2023-09-10T16:47:51.450071
381,Melissa Price,kyle11@example.org,Japan,2025-04-13T22:56:50.744241
382,Lori Wright,lesliedavenport@example.net,Saudi Arabia,2024-08-11T07:54:31.325972
383,Jennifer Stephens,vicki07@example.com,Bermuda,2023-09-23T18:02:24.738862
384,Laura Woods,stacyrojas@example.org,Bouvet Island (Bouvetoya),2025-06-05T03:29:58.748116
385,James Medina,terrigardner@example.org,Gibraltar,2022-11-28T23:30:54.021384
386,Dawn Vincent,gonzalezdean@example.net,Uzbekistan,2023-12-10T07:41:15.541741
387,Heather Garcia,megan96@example.net,Philippines,2023-08-05T08:55:24.835043
388,Lori Woodward,kbrown@example.com,New Zealand,2025-09-11T05:44:53.366112
389,Crystal Davis DDS,hduncan@example.net,Sweden,2022-12-09T00:08:59.663221
390,Rhonda Allen,cvelasquez@example.com,Zambia,2022-11-18T19:25:46.814924
391,Linda Pollard,jennifer56@example.com,South Africa,2023-02-01T14:41:46.378210
392,Don Bush,patrickwallace@example.com,Honduras,2024-04-20T17:27:32.882525
393,Brandon Mathis MD,johnnycosta@example.net,Mauritius,2023-08-08T09:07:48.156111
394,Kayla Murphy,atkinsandrew@example.com,Netherlands Antilles,2023-02-20T22:59:25.230720
395,Grant Choi,pjensen@example.com,Niger,2024-06-22T02:02:47.887659
396,Sharon Jenkins,james60@example.com,Tuvalu,2023-02-16T19:42:31.115052
397,Ross Moreno,hwheeler@example.com,Taiwan,2023-05-14T03:08:48.233222
398,Isaiah Ruiz,simmonstammy@example.net,Lithuania,2025-07-04T12:05:21.506422
399,Dr. Joseph Bryan,rogersjustin@example.com,Jordan,2025-04-28T09:13:11.198237
400,Patricia Sullivan,justinrodriguez@example.net,Egypt,2022-11-30T07:07:47.568551
401,Christopher Martin,gsmith@example.com,British Virgin Islands,2024-03-15T19:01:39.944565
402,Heather Williams,osmith@example.net,Anguilla,2025-04-27T10:19:28.058581
403,Cody Forbes,dthomas@example.net,Kenya,2025-09-22T17:07:01.564472
404,Dean Lewis,craig85@example.net,Uruguay,2024-11-29T14:16:26.208053
405,Jesse Fisher,nelsonjulie@example.net,Guyana,2023-05-28T22:55:22.105603
406,Joseph Porter,cummingsomar@example.com,Croatia,2025-02-07T19:14:26.017853
407,Devin Figueroa,loganlisa@example.com,Zambia,2023-05-05T01:05:53.213125
408,Kyle Sexton,stoutmonique@example.com,Switzerland,2023-12-06T20:13:23.078489
409,Kim Mason,scarr@example.net,Sierra Leone,2025-09-19T00:11:56.910411
410,Eric Evans,nwashington@example.net,Dominican Republic,2023-12-24T11:27:06.313702
411,Gregory Gonzales,tlane@example.org,Sweden,2022-11-08T00:40:28.866059
412,Eduardo Burgess,dflores@example.com,Albania,2023-06-20T21:44:14.812026
413,Jason Murray,vincent60@example.org,Canada,2023-08-11T20:19:13.683544
414,Chelsea Curtis,boltonjason@example.net,Cocos (Keeling) Islands,2024-04-13T02:53:39.014757
415,Robert Hoffman,nlopez@example.net,Myanmar,2025-03-05T06:25:59.944340
416,Lisa Alvarez,daniellehoward@example.com,French Guiana,2024-12-26T08:09:27.275888
417,Maria Wood,diane20@example.org,Australia,2022-11-18T20:50:30.288427
418,Michelle Todd,melissa09@example.org,San Marino,2022-10-29T09:39:08.642582
419,Ross Doyle,simsstephanie@example.net,India,2023-10-07T08:10:35.864515
420,Michael French,lewiscrystal@example.com,Nicaragua,2024-02-01T07:00:05.140060
421,Kendra Bowman,jrivera@example.org,New Zealand,2025-09-25T08:12:54.202975
422,Jeffrey Campbell,william20@example.net,Honduras,2023-12-16T18:49:57.592879
423,Daniel Schroeder,david87@example.org,Ukraine,2024-11-03T07:07:56.528104
424,Janet Powell,fowlersarah@example.net,Papua New Guinea,2022-11-02T03:06:05.567427
425,Deborah Wagner,ronald14@example.net,Benin,2025-04-30T17:42:24.538824
426,Frank Martinez,james10@example.org,Congo,2025-04-30T23:57:37.250994
427,Douglas Reilly,donald89@example.net,Jersey,2025-08-04T07:19:46.331806
428,Michael Carter,ronniegutierrez@example.org,Iceland,2024-12-30T17:52:09.560436
429,Amy Owens,fmalone@example.com,Liberia,2023-07-10T02:35:33.537250
430,Alexandra French,michael55@example.org,Vanuatu,2024-09-04T11:55:35.324172
431,Thomas Davis,anthony53@example.net,Liechtenstein,2024-08-22T13:47:13.482514
432,Sarah Sherman,greggweber@example.com,Anguilla,2024-10-04T23:52:20.993846
433,Donald Larsen,keithgray@example.net,Suriname,2025-04-09T22:28:40.043619
434,Patrick Phillips DDS,kwilliams@example.net,Jersey,2024-07-28T15:37:35.146016
435,Laura Burns,jonathanhess@example.net,Luxembourg,2024-09-26T06:18:08.696405
436,Jeffrey Banks,moranjulian@example.org,Peru,2024-02-23T16:44:14.768172
437,Kristen Ruiz,jeffrey13@example.com,Congo,2023-05-30T13:17:59.189187
438,Sarah Mcintosh,martinezkendra@example.com,Niue,2023-08-13T19:51:37.036371
439,David Scott,janicemason@example.net,Liechtenstein,2024-07-24T10:49:06.365029
440,Christina Good,longsteven@example.org,Dominican Republic,2023-12-25T11:35:22.789858
441,Kylie Wilson,matthew29@example.net,El Salvador,2023-04-04T09:18:36.143261
442,Lee Jacobs,bowmanmichael@example.org,Solomon Islands,2023-02-21T20:48:48.534020
443,Casey Campbell,waltersdouglas@example.com,Colombia,2025-06-16T11:32:10.311357
444,Jeremy Herman,jeremyjohnson@example.net,Netherlands,2025-10-04T11:57:53.189068
445,Latoya Koch,ramirezmatthew@example.org,Swaziland,2024-02-25T16:54:34.379861
446,Kevin Mcintyre,edwinpowell@example.org,Cambodia,2024-03-26T20:58:57.924896
447,Emily Walters,nscott@example.net,Colombia,2024-04-13T00:22:33.929885
448,Kevin Wolfe Jr.,kirsten72@example.net,Taiwan,2025-04-02T08:50:43.228942
449,Thomas Gutierrez,alexander58@example.net,Cuba,2024-04-09T07:24:20.480281
450,Matthew Pena,jonathan12@example.com,Maldives,2024-05-30T07:52:47.034683
451,Donald Anderson,chad63@example.com,Seychelles,2023-10-23T12:34:40.502813
452,Ashley Hamilton,xthomas@example.org,Cameroon,2024-02-24T17:07:31.162637
453,Sherri Ray,thomas59@example.net,Singapore,2024-11-10T14:01:35.197545
454,Paul Jacobs,hwells@example.com,Chile,2023-12-11T21:18:36.740498
455,Michael Price,vincentandrews@example.net,Nicaragua,2025-04-14T17:33:54.209806
456,Jimmy Rogers,shelly78@example.com,Trinidad and Tobago,2024-08-24T09:26:57.921362
457,Bryce Jones,sarah14@example.net,Dominican Republic,2023-06-17T03:28:16.733180
458,Judy Rangel,josephlyons@example.com,Palestinian Territory,2023-05-15T14:09:37.830946
459,Michael Guzman,bbailey@example.com,Bosnia and Herzegovina,2025-05-16T18:49:47.775069
460,Michael Nichols,shannonbradley@example.net,Singapore,2023-01-16T23:46:30.860971
461,Stephen Lucero,christiannorton@example.com,Guernsey,2024-05-21T18:01:28.039892
462,Virginia Meyers,ocunningham@example.com,Georgia,2025-08-30T01:41:53.902822
463,Ashley Little,monica28@example.net,Cameroon,2025-02-12T16:46:27.801187
464,Todd Shaffer,andersonjohn@example.net,Equatorial Guinea,2024-12-09T12:28:27.102016
465,Melissa Foster,kenneth34@example.net,Guadeloupe,2025-01-16T13:54:44.774812
466,Shannon Campos,mmalone@example.net,Niue,2025-09-06T23:28:18.892151
467,Patricia Harper,aprice@example.net,Iran,2023-11-03T19:51:18.752873
468,Gabrielle Arnold,deanelizabeth@example.net,Wallis and Futuna,2024-03-25T05:04:57.411052
469,Michael Murphy,ymcmillan@example.org,Rwanda,2023-03-04T09:40:22.016837
470,Spencer Dougherty,matthew05@example.org,Christmas Island,2023-11-28T11:39:06.996367
471,Michelle Miller,larry09@example.net,Saudi Arabia,2023-04-23T08:45:48.487800
472,Debbie Collins,josepineda@example.org,Holy See (Vatican City State),2022-11-23T19:15:18.520823
473,Daniel Garcia,csimmons@example.net,Greenland,2023-01-27T23:10:23.674921
474,Randy Barnes,kaylawhite@example.com,Philippines,2025-02-11T06:27:49.538916
475,Julie Smith,csantiago@example.com,Tonga,2024-12-02T11:37:11.729732
476,Nicole Hayes,sheltonmichael@example.net,Argentina,2023-09-18T20:08:10.010387
477,Eric Barton,michaelmccoy@example.org,Nigeria,2024-07-04T04:37:40.595678
478,Erin Cole,norrisjeremy@example.com,Finland,2023-05-27T22:18:51.293818
479,Nancy Thompson,harperalexander@example.org,Ethiopia,2025-05-09T01:00:32.629953
480,Charles Lang,alex43@example.org,Vanuatu,2024-12-08T01:11:18.950865
481,Karen Bell,dylansanchez@example.net,Northern Mariana Islands,2025-03-12T19:50:19.333128
482,Matthew Bryant,jodi24@example.net,El Salvador,2022-10-27T19:29:16.224906
483,Cassandra Lambert,martha84@example.org,Western Sahara,2025-01-18T02:17:56.067954
484,Michael Jennings,molinawayne@example.org,Australia,2024-08-28T07:21:40.516374
485,Robin Payne,rogersthomas@example.net,Guyana,2024-09-11T06:40:05.479429
486,Hannah Herring,robertmartinez@example.org,Portugal,2023-12-20T14:14:28.073432
487,Jennifer Scott,amandahoffman@example.com,Bosnia and Herzegovina,2024-06-17T13:54:27.654230
488,Edwin Richardson,obuckley@example.org,Ethiopia,2024-11-06T15:53:32.248306
489,Monique Burgess,igarcia@example.net,Hong Kong,2024-12-28T00:01:28.084380
490,Samuel Robinson,christopher22@example.net,Fiji,2024-04-13T12:17:35.306610
491,Evelyn Fields,martinezmichael@example.com,Cocos (Keeling) Islands,2024-09-14T03:59:50.523284
492,Joseph Chavez,randall02@example.net,Niue,2025-06-02T05:34:53.724914
493,Courtney Kirby,bcalhoun@example.net,Cameroon,2025-02-04T05:18:22.584595
494,Laurie Robinson,dwayne09@example.org,Namibia,2024-12-06T10:34:26.408503
495,Leonard Johnson,meagan83@example.com,Cayman Islands,2025-10-17T03:04:01.193655
496,Steven Foster,kdiaz@example.com,Romania,2025-06-19T20:04:17.176154
497,Antonio Newman,dunnnichole@example.net,Somalia,2022-12-24T06:56:46.590206
498,Michael Ellis,emorris@example.com,Central African Republic,2025-04-18T00:47:57.227451
499,Joshua Long,christina27@example.net,Portugal,2024-12-07T18:50:14.194379
500,Melissa Miller,ysanchez@example.net,Bangladesh,2023-12-02T18:34:02.148163
501,Christine Jefferson,whitejasmine@example.net,Malaysia,2023-09-13T18:59:45.777846
502,Bobby Wells,donaldmccarthy@example.net,Saint Pierre and Miquelon,2025-06-06T21:38:30.110421
503,Michael Johns,stephen76@example.org,Mauritania,2025-07-11T02:23:23.514157
504,Seth Meadows,ambermoore@example.com,Montenegro,2022-11-25T09:23:32.313817
505,Karina Russo,amy58@example.net,Guam,2023-05-22T13:27:15.832858
506,Brandon Martinez,changgeorge@example.net,Ireland,2023-11-06T09:10:27.957971
507,Regina Dawson,rossjessica@example.net,Kenya,2025-09-25T19:31:25.339272
508,Megan Malone,jamescindy@example.org,Brazil,2024-06-13T08:17:54.859130
509,Claire Navarro,joneschristopher@example.org,Lesotho,2025-10-10T22:21:47.185276
510,Colleen Smith,ofox@example.org,Czech Republic,2025-01-16T05:30:15.337895
511,Scott Mcdaniel,kaylasmith@example.net,Isle of Man,2022-11-17T06:56:20.652586
512,Melissa Munoz,delacruzryan@example.com,Holy See (Vatican City State),2024-01-28T19:05:56.466827
513,Nicholas Alexander,jacob50@example.com,Korea,2025-05-26T00:46:08.179228
514,Theresa Underwood,daniel08@example.org,Poland,2023-05-05T13:50:57.650877
515,Eric Walker,bmurphy@example.org,Slovenia,2025-03-16T04:27:48.097223
516,Alexander Ferguson,brianrichardson@example.com,British Virgin Islands,2024-04-01T01:57:35.131038
517,Jordan Gibson,tgarrett@example.org,Swaziland,2023-08-31T01:06:06.468004
518,Tabitha Martin,vfisher@example.org,Christmas Island,2023-12-25T08:01:56.613123
519,Julie Mercado,rcox@example.net,Cuba,2024-02-29T16:18:33.167181
520,Eric Walton,jason66@example.net,Cameroon,2025-05-04T11:36:55.266774
521,Brent Sims,montoyajohn@example.net,American Samoa,2024-09-14T13:23:58.751972
522,Denise Crane,heidisaunders@example.com,Taiwan,2023-03-19T14:47:16.246580
523,Stephanie Mcintyre,joshuacantrell@example.net,Bosnia and Herzegovina,2025-07-11T13:34:39.301281
524,Brittany Huynh,mcgeeaaron@example.org,Guam,2024-10-24T02:44:02.678607
525,Justin Schmitt,thomascosta@example.com,Kenya,2023-07-14T09:06:37.886698
526,Leah Koch,hhopkins@example.org,Denmark,2024-11-29T16:39:55.132902
527,Marcus Hanson,julieherring@example.org,Eritrea,2022-12-06T16:12:29.800980
528,Olivia Reeves,sabrina53@example.com,Hungary,2024-01-04T13:49:04.376086
529,Mackenzie Faulkner,jboyle@example.com,China,2022-12-03T12:45:40.287062
530,Brenda Mcclain,rachel24@example.net,United States Virgin Islands,2023-10-10T06:59:11.781782
531,Rebecca Gonzalez,ryan76@example.org,Madagascar,2025-08-28T16:46:24.958878
532,Christopher Brewer,htaylor@example.com,Greenland,2024-11-08T14:35:32.418497
533,Timothy Ingram,hickmanchristian@example.com,Algeria,2024-11-15T10:06:18.951311
534,Melissa Oliver,angelagonzales@example.net,Denmark,2023-03-28T04:42:58.813487
535,Jane Mathis,nknight@example.org,United Kingdom,2024-01-25T04:37:13.766725
536,James Phillips,tbeck@example.org,United States Minor Outlying Islands,2024-09-01T00:51:44.089280
537,Brett Carr,angelaanderson@example.net,Rwanda,2024-05-29T04:07:18.535989
538,Ann Hernandez,jonathanrowe@example.com,Norway,2025-01-21T16:40:44.786778
539,Mark Barnett,heather04@example.net,British Indian Ocean Territory (Chagos Archipelago),2023-06-08T15:11:54.563413
540,Steve Bell,veronica60@example.org,Marshall Islands,2023-06-15T09:48:58.039882
541,Daniel Thomas,eluna@example.net,Togo,2023-04-11T00:42:43.427437
542,Shannon Gomez,bjohnson@example.net,Northern Mariana Islands,2023-08-26T09:18:51.015395
543,Debbie Hughes,banksalicia@example.com,Central African Republic,2023-09-08T15:13:29.254000
544,Mark Vaughan,wandajohnson@example.net,Macao,2025-07-15T18:33:27.822113
545,Victoria Crawford,laura12@example.org,Canada,2023-12-21T06:02:48.653159
546,Christopher Love,bwashington@example.net,New Zealand,2022-11-17T03:34:26.599896
547,Andrew Banks,cstevens@example.org,Sweden,2024-08-13T17:27:02.596829
548,Justin Clark,todd27@example.org,Slovenia,2024-01-10T19:14:58.878605
549,Kyle Dickerson,veronicathompson@example.org,Jordan,2024-07-24T09:12:56.063485
550,Allison Phillips,nicholslisa@example.org,Holy See (Vatican City State),2024-02-27T14:01:13.590009
551,Kristi Copeland,ricky81@example.com,Korea,2025-10-17T06:06:32.707714
552,Christina Butler,nicholsonjonathan@example.net,Malta,2024-11-05T05:20:44.052556
553,Kristen Irwin,danadurham@example.com,Jordan,2023-08-23T00:39:00.535239
554,Beverly Flores,carterjeffery@example.org,Zambia,2022-11-07T07:41:40.987478
555,Travis Smith,jermaine41@example.com,Seychelles,2024-08-15T02:48:17.371373
556,Jasmine Mitchell,patrickhayes@example.com,Lao People's Democratic Republic,2023-08-24T13:29:07.520892
557,Kenneth Murphy,ngates@example.com,Senegal,2023-07-17T03:23:23.428068
558,Lisa Sullivan,frederickandersen@example.org,New Caledonia,2023-05-02T21:58:36.129401
559,Brent Howell,wilkinsphillip@example.com,Saint Vincent and the Grenadines,2023-04-27T16:05:35.226298
560,William Rios,sharpjames@example.org,Tokelau,2024-07-07T15:43:40.874295
561,Carlos Bond,ochoadavid@example.com,Burkina Faso,2025-03-14T10:52:24.153212
562,Marissa Edwards,william14@example.net,Netherlands Antilles,2025-01-25T01:39:58.911246
563,John Martinez,moorecraig@example.com,Sri Lanka,2024-06-12T00:55:25.920415
564,Jessica Green,tylermassey@example.org,Turkey,2025-07-15T19:26:56.431269
565,Luis Lewis,brandyfranco@example.net,Albania,2023-11-01T18:12:17.172735
566,Charles Jones,rkeith@example.org,Brazil,2025-02-13T11:04:41.460110
567,Jenny Lopez,sharonwatson@example.org,Cape Verde,2023-03-14T10:33:39.504218
568,William Kemp,amydillon@example.net,Papua New Guinea,2024-10-06T09:37:33.271708
569,Louis Perry,shannontrujillo@example.net,Poland,2025-03-24T00:46:03.428569
570,Scott Martinez,virwin@example.org,Dominica,2023-06-07T02:21:49.399017
571,Lance Romero,rtucker@example.com,Uganda,2025-05-15T06:06:32.023050
572,Dana Rivers,xwright@example.org,Afghanistan,2022-11-05T07:04:22.283506
573,Melissa Riley,jean64@example.net,Dominica,2022-11-19T21:59:09.919325
574,Brett Estrada,garciabrandon@example.net,Latvia,2023-10-19T07:27:58.826226
575,Nathan Velez,martinezdaniel@example.net,French Guiana,2022-10-20T14:33:22.119910
576,Brian Coleman,suzanne57@example.org,Equatorial Guinea,2025-04-27T12:09:21.487907
577,Rebekah Stevenson,plindsey@example.com,Ghana,2023-10-09T00:51:05.223675
578,Heidi Scott,caroldavis@example.com,Egypt,2025-02-13T02:54:31.566972
579,Michelle Lee,kimberlypeterson@example.org,Bulgaria,2023-12-12T03:41:12.378689
580,Brianna Thomas,hedwards@example.org,Ecuador,2023-10-19T18:22:22.293055
581,Brian Goodwin,robert16@example.net,Andorra,2024-10-06T03:55:07.034563
582,Jackson Ball,randy09@example.com,Guinea,2023-06-01T06:51:17.765811
583,Mr. Ryan Peterson,rachaelnichols@example.com,Yemen,2023-03-10T03:02:13.827712
584,Marissa Jones,jessicalee@example.net,French Southern Territories,2023-10-05T07:35:13.534236
585,Robert Singh,dpena@example.com,Venezuela,2024-01-08T05:24:29.591923
586,Amanda Morrow,cunninghamtonya@example.org,Venezuela,2025-04-22T11:06:12.655774
587,Nicole Hays,acostarichard@example.net,Guinea-Bissau,2024-05-19T09:36:47.557310
588,Jennifer Doyle,randy22@example.org,Taiwan,2024-03-19T20:56:14.861613
589,Rebecca Gonzales,ronaldibarra@example.net,Serbia,2024-03-30T23:58:17.430354
590,Angela Cox,carolyn05@example.org,Iceland,2025-04-08T18:49:32.618850
591,Jonathan Serrano,taylormejia@example.org,Estonia,2024-03-11T18:38:05.012086
592,Nathaniel Williams,teresamcpherson@example.com,Bangladesh,2023-08-20T13:31:44.960254
593,James Ruiz,hgarcia@example.net,Slovakia (Slovak Republic),2025-08-08T17:28:43.345760
594,John Williams,jonesscott@example.net,North Macedonia,2025-04-28T13:38:23.921703
595,Joseph Sharp,gschaefer@example.net,Israel,2022-12-15T11:14:56.103316
596,John Gonzales,millerchloe@example.net,Cameroon,2023-04-12T16:07:23.977145
597,James Rubio,hartmancody@example.org,New Caledonia,2023-08-27T13:49:40.423798
598,Lance Price,brad44@example.org,New Caledonia,2023-06-11T06:59:27.788484
599,Shane Smith,julierandall@example.org,Mauritania,2024-06-13T08:01:11.879598
600,Sarah Phillips,paul50@example.com,Finland,2024-06-22T01:27:32.472463
