customer_id,customer_name,customer_email,password,registration_date,country,city
37,Kenneth Andrews,kenneth.andrews251@example.com,j0%hnsj5l4Sv,09/10/2025 23:55,Italy,Andrewfurt
16,Benjamin Beck,benjamin.beck285@example.com,bCd4Qbjh0+In,2023-10-15 02:10:54,Italy,Elizabethville
140,Carol Anderson,carol.anderson958@example.com,)7GEscoy)uZI,2024-12-22 05:27:19,Spain,North Robert
67,Victor Barrera,victor.barrera270@example.com,8p&HO5V$*Wob,2025-03-27 15:04:24,Portugal,Jamesburgh
122,Ryan Phillips,ryan.phillips293@example.com,DysecaWK#C1R,10-02-2023 12:12:23,USA,North Matthewfurt
110,Jack Mora,jack.mora550@example.com,t5nUHn$4$$Hq,2023-05-02 09:00:16,USA,New Lindachester
125,Blake Orr,blake.orr159@example.com,l)Jz2Fgn*tt%,08/12/2024 23:06,Italy,North Stacy
121,Monica Rogers,monica.rogers272@example.com,f$^Z0IrdFn4U,30/10/2022 18:29,Belgium,East Heather
103,Gail Lane,gail.lane442@example.com,n!u+UzJztr1q,29/06/2024 14:48,Spain,Kramerton
74,Crystal Rodgers,crystal.rodgers332@example.com,1h69ZAWp!LZQ,2025-05-07 00:15:59,USA,East Robertburgh
111,Jacob Carter,jacob.carter433@example.com,i3!*rDoqw!aX,23/02/2025 21:13,Italy,South Micheal
92,Adam Foster,adam.foster236@example.com,y_B*5Nux9dOU,2025-04-27 10:57:42,Portugal,Brockmouth
64,Shawn Deleon,shawn.deleon115@example.com,QA+vdwQ9&8B8,18/09/2024 07:39,Spain,Port Tammy
78,Jill Brown,jill.brown88@example.com,(@6!7^VzS%sy,11/03/2023 20:35,Germany,Bryantton
41,Jacob Ramos,jacob.ramos235@example.com,85wB&3Zx(mzk,2025-08-24 19:50:03,Belgium,Corystad
69,Kathryn Williams,kathryn.williams306@example.com,*2BHXqVPPOTN,03-17-2023 10:30:09,Belgium,Lindahaven
83,Lindsey Russo,lindsey.russo894@example.com,vx(zAgW3^S4G,12/05/2023 11:00,Portugal,South Jason
11,Carlos Brewer,carlos.brewer559@example.com,P1D^g9KS@yRR,2024-03-02 06:34:53,USA,North Stephenshire
113,Erika Chavez,erika.chavez454@example.com,)MIdx3A7(1cE,07-01-2023 06:09:31,Belgium,East Kimberly
93,Jenna Wilson,jenna.wilson8@example.com,K!dmkI7g5Wek,06-27-2024 02:33:12,France,Lake Katrina
79,Chad May,chad.may836@example.com,caRaM1Rcf4*6,12-25-2024 09:08:56,France,Brooksfurt
146,Kayla Cameron,kayla.cameron10@example.com,Y9Dbyawgd_3G,06-09-2024 12:37:33,USA,Jenniferside
101,Linda Jackson,linda.jackson827@example.com,ktzqEqyen(1O,2025-09-24 23:51:36,USA,Keithview
139,Shelly Phelps,shelly.phelps579@example.com,b0EKYrAe1H@0,16/11/2023 23:29,Portugal,Ronaldville
118,Oscar Howard,oscar.howard493@example.com,#O9O&z4Q!t2G,27/07/2024 11:18,Italy,Staceyshire
137,Caleb King,caleb.king41@example.com,*QY4NvPX!kOX,2024-11-25 08:02:37,Portugal,Lake Gina
84,Jose Crawford,jose.crawford988@example.com,$pg@Knf9$556,02-03-2023 07:56:49,Italy,Gillmouth
92,Adam Foster,adam.foster236@example.com,y_B*5Nux9dOU,2025-04-27 10:57:42,Portugal,Brockmouth
57,Jose Allen,jose.allen611@example.com,$&y^NfzTGMZ9,24/03/2023 14:29,France,Smithstad
131,Dr. Sara Hoffman DDS,dr..sara.hoffman.dds162@example.com,_wa1I5%ilH5_,08-24-2023 00:27:06,France,South Calebview
133,Daniel Savage,daniel.savage71@example.com,$YU7MDpcR%q+,2024-01-22 00:06:13,Portugal,Nathanshire
95,Connie Brooks,connie.brooks70@example.com,*1ngnDkQD*fJ,08/03/2024 16:07,France,West Whitney
96,Samuel Wong,samuel.wong73@example.com,T85#kZJ#X2VF,2024-10-29 05:44:29,Portugal,Lake John
105,Edwin Reyes,edwin.reyes56@example.com,!aKfYQscp#*1,03-27-2025 12:10:58,Germany,Lake Victoria
13,Ashley Landry,ashley.landry829@example.com,J$R^x#Ecb9Te,2024-11-13 10:45:19,Belgium,New Barry
141,Michael Gregory,michael.gregory686@example.com,X8WNbZ+w(X!v,05/02/2025 06:44,Germany,Lake Morgan
51,Tiffany Stevenson,tiffany.stevenson920@example.com,*sDe2BoKKQ(F,02/12/2022 05:36,Portugal,West Cassidy
58,Haley Quinn,haley.quinn391@example.com,ncyN5Ufv(2kr,05/09/2024 16:16,Portugal,Dennisstad
136,Colin Vaughan,colin.vaughan253@example.com,+2)ekFxjYV$G,07-20-2025 09:07:25,Portugal,Smithbury
66,Jesse Barker,jesse.barker977@example.com,^BzDEik*59L_,04-09-2023 11:54:16,Germany,Washingtonborough
81,Wyatt Young,wyatt.young676@example.com,QI8TVEvc$$D4,07-18-2025 09:34:05,USA,Barbaramouth
60,Erica Miller,erica.miller882@example.com,#qLz8yw^Z7oc,10-11-2024 11:11:48,France,Seanchester
150,Kenneth Howard DDS,kenneth.howard.dds903@example.com,(243Cr4hRzNy,2023-10-01 13:38:46,France,East Abigail
39,Courtney Rhodes,courtney.rhodes705@example.com,@RLZbmmv^1@r,2024-10-26 05:52:06,Portugal,Coffeyside
7,Marie Kim DDS,marie.kim.dds31@example.com,4^Y8tpHsb))v,2023-02-27 20:54:00,France,North Matthew
99,John Mckinney,john.mckinney741@example.com,$9jTjOPi4SzB,02-16-2024 14:54:44,Portugal,North Ariana
63,William Conner,william.conner788@example.com,y5r%HfNz)UOB,04/07/2023 16:20,Germany,Johnsonside
38,Maria Parker,maria.parker389@example.com,0%5xRXnnnNlh,02-13-2024 07:16:11,Spain,Jessicaland
134,Victoria Thomas,victoria.thomas692@example.com,^L3jU+Ku2KJJ,2025-05-20 05:26:01,Belgium,Port Christopher
108,Brittney Murphy,brittney.murphy820@example.com,(X!bCn!_!OD3,2024-07-21 20:31:16,Belgium,West Hollybury
8,Brent Jordan,brent.jordan239@example.com,_1(2R_1Mm^Bp,01-25-2024 09:47:04,Portugal,Shieldston
123,David Williams,david.williams981@example.com,m6N*jZyN!kCs,07-05-2024 18:48:34,Germany,Hernandezstad
22,Tyler Williams,tyler.williams128@example.com,)(wMeFWxf2HB,2022-11-21 06:49:24,USA,East Mary
82,Chase Bennett,chase.bennett170@example.com,%Tx2Z5oZuo&f,01-21-2025 21:54:36,Spain,Allenbury
145,Karen Romero,karen.romero952@example.com,aW2rIXm6H+9D,2025-07-23 14:52:55,Belgium,Lake Beth
44,Ricky Wilson,ricky.wilson936@example.com,6fKB6ocN$&Jh,10-04-2024 15:59:19,Portugal,South Shannon
112,Cynthia Vasquez,cynthia.vasquez474@example.com,dFy&3Qn^UKx!,2022-12-22 21:53:47,Italy,Lake Joshua
33,Katie Hoover,katie.hoover687@example.com,RDSSLBEoU5_7,08-24-2023 04:42:53,Spain,Maryshire
129,John Sanders,john.sanders52@example.com,D0s7S9r0Ux#Z,25/07/2025 17:08,Portugal,East Nathanmouth
98,James Thomas,james.thomas220@example.com,dZzTO_Ur#E7_,2023-12-17 22:20:46,Portugal,New Patrick
18,Michael Snyder,michael.snyder105@example.com,wQ$6oLzb&3wF,12/07/2023 14:56,France,Port Michelleville
50,Justin Riley,justin.riley765@example.com,KA8%PACp#7pp,02/11/2024 14:46,Portugal,Michellemouth
62,Zachary Mitchell,zachary.mitchell907@example.com,K&FoBw%S@p7u,18/07/2025 11:43,Portugal,Gonzalezberg
9,Tracy House,tracy.house28@example.com,$y7kLJwzf6+B,2025-05-05 05:12:29,Portugal,South Todd
36,Lisa Allen,lisa.allen176@example.com,!%s7+KIvZJ6o,07-14-2025 11:44:20,Portugal,East Steven
85,Katherine Cummings,katherine.cummings774@example.com,O2Xr%#ovbiI#,01-05-2025 16:07:54,Germany,Jacksonstad
52,Rachel Holland,rachel.holland371@example.com,&bEAaa)e9Tk%,2022-12-29 12:07:16,Italy,New Erikaport
25,Travis Miller,travis.miller592@example.com,Ok&+UAVwRJh7,12-15-2024 06:49:26,Italy,Petersbury
87,Debra Sanders,debra.sanders409@example.com,nvza#JFNZ+3o,12-01-2023 01:03:39,Germany,Stevensbury
76,Paul Finley,paul.finley246@example.com,+curiOZjF!w1,2023-09-14 03:10:23,France,West Desireebury
56,Charles Johnson,charles.johnson812@example.com,!O6nSfRt+7$J,19/07/2025 11:50,Germany,Hortonberg
106,Emily Taylor,emily.taylor662@example.com,+W0GZVj5G5Z^,2023-08-17 18:18:53,France,East Angelaport
45,Kristina Rivera,kristina.rivera323@example.com,t*P+NoDT+0JJ,03-01-2023 05:10:09,Italy,Morganchester
59,Kimberly King PhD,kimberly.king.phd542@example.com,l_5KwDIdFd7&,05-15-2023 16:19:09,Spain,Michelleton
26,Corey Wilson,corey.wilson72@example.com,yQ4*241sR8*X,05-27-2024 10:35:01,France,East Javier
29,Taylor Coleman,taylor.coleman888@example.com,AhU9)FzvP@^0,05/06/2024 23:19,France,West Margaret
61,Amanda Jones,amanda.jones739@example.com,L9K^vFB8!@1E,02-17-2025 07:39:20,France,Michaelshire
115,Deanna Hess,deanna.hess554@example.com,#vZuKfOkJ1t8,2022-11-11 04:06:15,Belgium,East Rachelmouth
49,Ryan Sanchez,ryan.sanchez575@example.com,^$52jDwf_*Y0,24/07/2024 12:31,Portugal,South Monicamouth
97,Rebecca Herrera,rebecca.herrera286@example.com,B_H7Qu0bltVb,23/11/2023 02:10,Germany,South Daniel
90,Angelica Montgomery,angelica.montgomery231@example.com,B2!AEX)1+mI@,10/03/2025 17:29,France,North Josephfurt
126,Sylvia Smith,sylvia.smith223@example.com,#v9TS9sDIGNX,11-23-2024 17:45:09,France,Rodriguezberg
99,John Mckinney,john.mckinney741@example.com,$9jTjOPi4SzB,02-16-2024 14:54:44,Portugal,North Ariana
100,Jeffery Fitzgerald,jeffery.fitzgerald485@example.com,!&qImlgcp7JX,03/10/2024 12:36,Italy,West Nancy
43,Jonathan Dougherty,jonathan.dougherty275@example.com,cOt^MX%n!7Cz,2022-12-04 19:12:05,France,Stephentown
119,Kevin Stark,kevin.stark925@example.com,CBySKdOBe+6X,2025-02-12 18:33:05,France,Susanstad
4,Matthew Foster,matthew.foster105@example.com,hRVEz_i8p$+c,07-16-2025 08:55:58,Germany,Thomasberg
94,Tammy Kane,tammy.kane647@example.com,6b0DTZZx)y*1,2024-01-19 14:59:21,France,Port Tanyaside
23,Jaime David,jaime.david566@example.com,kT%Ra^ZdJOK9,05-23-2023 14:21:09,Spain,North Heidi
21,Tamara Hooper,tamara.hooper748@example.com,@7CECo8wJn6h,05-25-2024 12:49:03,USA,Vargastown
31,Matthew Morales DDS,matthew.morales.dds855@example.com,&8%QYOKv7)Ar,2022-11-27 11:51:12,Spain,West Johnnyville
117,Kyle Johnson,kyle.johnson171@example.com,zy5Y7st%z(ol,24/03/2025 13:44,USA,Brianfort
80,Kim Morrow,kim.morrow785@example.com,1XvB5%Vz+q6$,2023-07-16 11:42:44,Italy,Ericborough
143,Mary Bryant,mary.bryant135@example.com,^8YL*a!tYlSF,10-26-2023 18:21:26,Germany,Port Jeffreymouth
124,Jacob James,jacob.james678@example.com,+d*SlIhb%$4x,10/05/2023 17:26,Germany,West Scottview
104,Jacob Mckee,jacob.mckee421@example.com,!&)4cWdmzJ)1,04-17-2023 15:40:41,USA,Garrettbury
138,Elizabeth Williams,elizabeth.williams430@example.com,^3nbA&Pa*65z,04-14-2024 03:35:51,Germany,Lake Sarah
132,Jason Price,jason.price83@example.com,N$8A0zT9MgUT,2022-11-25 23:36:45,Belgium,West Jessica
32,Cynthia Moore,cynthia.moore380@example.com,O*P81UeSGuPr,2024-06-12 20:23:11,Spain,Davisville
144,Mitchell Griffith,mitchell.griffith308@example.com,&Di$Ybzr3VPO,12/02/2023 11:36,USA,East David
106,Emily Taylor,emily.taylor662@example.com,+W0GZVj5G5Z^,2023-08-17 18:18:53,France,East Angelaport
46,Mary Steele,mary.steele512@example.com,^fA_Y#h3J5Ff,11-19-2022 00:12:31,USA,Jacquelineport
120,Jamie Gross,jamie.gross389@example.com,x9Mux4Tv_hy+,05/09/2023 23:49,France,Lake Aaron
102,Bernard Norton,bernard.norton97@example.com,C!j+5Obp%R4J,02-06-2025 18:22:58,France,Robertsonview
47,Luke Craig,luke.craig470@example.com,P&4cGyA4y%3v,12/08/2023 10:23,Italy,Tuckermouth
148,Sharon Newton,sharon.newton551@example.com,$GIWcv$h3q4+,06-24-2024 06:42:27,Italy,New Kristen
6,Katherine Rodriguez,katherine.rodriguez605@example.com,N^i)CNx7qJ31,2023-11-20 00:13:32,USA,Johnbury
17,Erica Ramos,erica.ramos981@example.com,bX&w5AJq$_1i,27/10/2024 13:58,Belgium,Leonburgh
56,Charles Johnson,charles.johnson812@example.com,!O6nSfRt+7$J,19/07/2025 11:50,Germany,Hortonberg
19,Kimberly Merritt,kimberly.merritt100@example.com,Q48^9YyR_5de,10/01/2025 02:56,Spain,Colebury
127,Lee Steele,lee.steele754@example.com,@mA8Idlq)+K7,2022-11-29 18:41:38,Portugal,Hannahton
75,Brian Martin,brian.martin115@example.com,+i05Znj&b1_B,04/03/2024 03:01,Spain,Jennifertown
48,Paul Thompson,paul.thompson143@example.com,p$@upCUmI_@5,12-08-2023 21:14:25,Italy,New Angelica
107,Laura Diaz,laura.diaz413@example.com,79%CaYPI!&RX,04/11/2024 14:20,Germany,Bestland
5,Tricia Valencia,tricia.valencia914@example.com,5LDq7j1t_AZX,2022-10-30 20:44:18,Portugal,Lake Nicoleview
147,Paul Skinner,paul.skinner577@example.com,$@7kyc_ekM0E,2023-08-27 13:56:49,France,Stokeshaven
20,Antonio Wall,antonio.wall619@example.com,AG&nRglsO87A,2023-12-19 00:59:58,Spain,Port Nicoleshire
116,Danielle Phillips,danielle.phillips993@example.com,Zk&z2NgeNjDT,2024-01-12 17:05:35,France,Brownview
89,Patrick Gibbs,patrick.gibbs463@example.com,oD1wHjh8z!Nv,2024-11-11 13:48:40,France,New Juliestad
128,Chelsea Lewis,chelsea.lewis766@example.com,%eH!Zf0q2%#8,2025-04-08 02:58:25,Spain,Malonestad
10,Erik Williams,erik.williams734@example.com,^pH@Ut#&aT2C,03-23-2024 17:03:36,Germany,North Susan
15,Meghan Anthony,meghan.anthony715@example.com,(Kf9WPGU#eIb,16/10/2023 03:09,USA,North Natalieview
2,Tyler Rogers,tyler.rogers760@example.com,y!S7Rpde$49^,2023-01-27 21:46:56,Spain,West Melanieview
72,Michael Stewart,michael.stewart553@example.com,mw89meDK_N2M,11-04-2023 11:23:37,Belgium,Keithshire
55,John Watson,john.watson157@example.com,n%tmreIHFG7Q,2025-08-07 00:11:53,Germany,West Christopherburgh
91,Erika Cruz,erika.cruz22@example.com,cQ79_08fj$vf,09-03-2023 01:36:37,Portugal,Maxwellside
135,Jake Smith,jake.smith414@example.com,qB3PAH$wLQ_K,10-06-2023 08:08:52,France,North Erica
114,Erin Davis,erin.davis101@example.com,#_Lh6If_!n4),07-17-2023 06:17:52,France,Randyton
42,Sergio Murphy,sergio.murphy825@example.com,0a@@kIBz#8Qh,28/03/2023 23:05,Spain,West Micheleberg
149,Kimberly Morrison,kimberly.morrison272@example.com,_($8f+o!M1Fu,14/02/2025 17:22,Italy,West Shane
34,Marissa Hernandez,marissa.hernandez960@example.com,QLfIaOdx^d1p,09-09-2025 11:04:38,Germany,New Tammy
86,Jonathan Brooks,jonathan.brooks206@example.com,!R8Rnmbl!8*+,25/08/2024 06:12,Germany,Hopkinstown
1,Allison Hill,allison.hill655@example.com,#4P@9Nb4Vl!@,2023-06-19 20:39:15,France,Lake Joyside
12,Brandy Wilson,brandy.wilson460@example.com,Y7Oso&Gv$jZ5,12/02/2023 13:34,Portugal,West Juan
71,Reginald Knapp,reginald.knapp157@example.com,QB0VpEjf(dX5,2025-05-31 15:33:02,Spain,Lake Devinborough
109,Richard Adams,richard.adams255@example.com,1YOw%p0+(sbI,2025-06-15 13:06:57,Italy,West Lindsayview
24,Joseph Santos,joseph.santos634@example.com,8LhUcCOC%57H,23/08/2024 03:38,Belgium,Marshallshire
14,Vanessa Cochran,vanessa.cochran778@example.com,k&qpIfMAk432,2025-06-10 01:40:03,Belgium,East Jillmouth
65,Martin Vargas,martin.vargas162@example.com,n#$5SaibZO)9,2024-07-15 12:14:33,USA,Lake Claudia
126,Sylvia Smith,sylvia.smith223@example.com,#v9TS9sDIGNX,11-23-2024 17:45:09,France,Rodriguezberg
130,Sharon Coffey,sharon.coffey515@example.com,)Hee8spLi0QY,11-03-2024 18:48:58,Belgium,Buckburgh
24,Joseph Santos,joseph.santos634@example.com,8LhUcCOC%57H,23/08/2024 03:38,Belgium,Marshallshire
53,Michael Romero,michael.romero522@example.com,z+7kPRgha^XG,2022-11-07 06:13:56,USA,Henryborough
88,Tamara Hall,tamara.hall383@example.com,a1o@3Rsm_A4T,07-01-2025 19:50:46,USA,Nelsonland
54,Jackson Ball,jackson.ball774@example.com,xk8HjUKij$I+,2025-09-14 16:21:42,France,Karenmouth
73,Patrick Allen,patrick.allen941@example.com,@6_xw+arNaK9,12-12-2022 21:48:41,France,Lake Jesse
70,Lauren Robles,lauren.robles520@example.com,V03)o_b#w(@X,2024-12-21 00:52:22,Portugal,New Thomasshire
40,Madison Marshall,madison.marshall702@example.com,*r_L4gPdg!I*,2024-11-24 11:14:29,Spain,Wilsonton
149,Kimberly Morrison,kimberly.morrison272@example.com,_($8f+o!M1Fu,14/02/2025 17:22,Italy,West Shane
28,Elizabeth Chapman,elizabeth.chapman82@example.com,&5SIvdM#9$3^,2024-01-31 03:52:37,Belgium,New Susanville
30,Brandon Hayden,brandon.hayden285@example.com,0Q)8zYyxMIB0,04-21-2025 06:15:23,USA,Port Emilyview
68,Stephen Luna,stephen.luna520@example.com,S^8G8lc(y)kD,02-01-2025 06:10:26,France,Brandonton
35,Stacy Freeman,stacy.freeman74@example.com,i$N0A#C%Ed1I,06-02-2024 02:04:06,Portugal,East Crystalport
27,Adam Mitchell,adam.mitchell234@example.com,H^Y7+TDc%iWk,25/03/2024 19:42,Belgium,Jackton
77,Joshua Ruiz,joshua.ruiz900@example.com,RQt(ns2o0)K1,2024-05-29 06:04:19,Portugal,Port John
142,Erica Rivera,erica.rivera245@example.com,KU&Ooyh@&3Cn,19/08/2023 01:35,Spain,New Dawn
3,Roy Martin,roy.martin229@example.com,627Rc4Bi%xl),11-11-2023 13:28:19,Italy,Jacquelineland
